[
{"Date":"2021-01-01","Name":"New Year's Day","Day":"Friday","Observance":"2021-01-01","Observance Strategy":"actual_day"},
{"Date":"2021-02-12","Name":"Chinese New Year Day 1","Day":"Friday","Observance":"2021-02-12","Observance Strategy":"actual_day"},
{"Date":"2021-02-13","Name":"Chinese New Year Day 2","Day":"Saturday","Observance":"2021-02-13","Observance Strategy":"actual_day"},
{"Date":"2021-04-02","Name":"Good Friday","Day":"Friday","Observance":"2021-04-02","Observance Strategy":"actual_day"},
{"Date":"2021-05-01","Name":"Labour Day","Day":"Saturday","Observance":"2021-05-01","Observance Strategy":"actual_day"},
{"Date":"2021-05-13","Name":"Hari Raya Puasa","Day":"Thursday","Observance":"2021-05-13","Observance Strategy":"actual_day"},
{"Date":"2021-05-26","Name":"Vesak Day","Day":"Wednesday","Observance":"2021-05-26","Observance Strategy":"actual_day"},
{"Date":"2021-07-20","Name":"Hari Raya Haji","Day":"Tuesday","Observance":"2021-07-20","Observance Strategy":"actual_day"},
{"Date":"2021-08-09","Name":"National Day","Day":"Monday","Observance":"2021-08-09","Observance Strategy":"actual_day"},
{"Date":"2021-11-04","Name":"Deepavali","Day":"Thursday","Observance":"2021-11-04","Observance Strategy":"actual_day"},
{"Date":"2021-12-25","Name":"Christmas Day","Day":"Saturday","Observance":"2021-12-25","Observance Strategy":"actual_day"}
]
